#Scenario,tvKa,tvV,tvCl,dCldWT,CEps
WorkFlow,1.000000,,,,
WorkFlow,0.139553,1.000000,,,
WorkFlow,0.078132,0.480230,1.000000,,
WorkFlow,-0.053923,0.048678,-0.041243,1.000000,
WorkFlow,-0.030900,-0.226509,-0.330002,0.003389,1.000000
